{
  "Create a hero" : {
    "transaction" : "Create a hero",
    "sampleCount" : 2000,
    "errorCount" : 811,
    "errorPct" : 40.55,
    "meanResTime" : 304.204,
    "medianResTime" : 247.0,
    "minResTime" : 0.0,
    "maxResTime" : 4105.0,
    "pct1ResTime" : 688.9000000000001,
    "pct2ResTime" : 803.9499999999998,
    "pct3ResTime" : 886.99,
    "throughput" : 281.8489289740699,
    "receivedKBytesPerSec" : 332.10226271843294,
    "sentKBytesPerSec" : 37.798996573773955
  },
  "Get a hero" : {
    "transaction" : "Get a hero",
    "sampleCount" : 2000,
    "errorCount" : 821,
    "errorPct" : 41.05,
    "meanResTime" : 312.42349999999965,
    "medianResTime" : 315.5,
    "minResTime" : 0.0,
    "maxResTime" : 966.0,
    "pct1ResTime" : 760.9000000000001,
    "pct2ResTime" : 812.0,
    "pct3ResTime" : 903.99,
    "throughput" : 284.61647929415113,
    "receivedKBytesPerSec" : 331.64754584993597,
    "sentKBytesPerSec" : 21.46422393090935
  },
  "Change hero" : {
    "transaction" : "Change hero",
    "sampleCount" : 2000,
    "errorCount" : 772,
    "errorPct" : 38.6,
    "meanResTime" : 368.25150000000065,
    "medianResTime" : 194.5,
    "minResTime" : 0.0,
    "maxResTime" : 4106.0,
    "pct1ResTime" : 815.9000000000001,
    "pct2ResTime" : 855.9499999999998,
    "pct3ResTime" : 3646.99,
    "throughput" : 296.2085308056872,
    "receivedKBytesPerSec" : 319.52222489632703,
    "sentKBytesPerSec" : 41.38299300207346
  },
  "Delete the hero" : {
    "transaction" : "Delete the hero",
    "sampleCount" : 2000,
    "errorCount" : 704,
    "errorPct" : 35.2,
    "meanResTime" : 406.4219999999999,
    "medianResTime" : 298.0,
    "minResTime" : 0.0,
    "maxResTime" : 4504.0,
    "pct1ResTime" : 836.0,
    "pct2ResTime" : 912.0,
    "pct3ResTime" : 3398.99,
    "throughput" : 308.83261272390365,
    "receivedKBytesPerSec" : 327.97299644842496,
    "sentKBytesPerSec" : 41.82269147621989
  },
  "Total" : {
    "transaction" : "Total",
    "sampleCount" : 10000,
    "errorCount" : 3929,
    "errorPct" : 39.29,
    "meanResTime" : 414.35259999999886,
    "medianResTime" : 316.0,
    "minResTime" : 0.0,
    "maxResTime" : 5527.0,
    "pct1ResTime" : 814.0,
    "pct2ResTime" : 904.9499999999989,
    "pct3ResTime" : 4104.0,
    "throughput" : 1299.7140629061605,
    "receivedKBytesPerSec" : 1516.578715963738,
    "sentKBytesPerSec" : 144.83815513711983
  },
  "Get all heroes" : {
    "transaction" : "Get all heroes",
    "sampleCount" : 2000,
    "errorCount" : 821,
    "errorPct" : 41.05,
    "meanResTime" : 680.4620000000007,
    "medianResTime" : 466.0,
    "minResTime" : 0.0,
    "maxResTime" : 5527.0,
    "pct1ResTime" : 1668.9,
    "pct2ResTime" : 3810.0,
    "pct3ResTime" : 5119.97,
    "throughput" : 275.02750275027506,
    "receivedKBytesPerSec" : 371.3014978255638,
    "sentKBytesPerSec" : 19.94943146658416
  }
}