{
  "Create a hero" : {
    "transaction" : "Create a hero",
    "sampleCount" : 631368,
    "errorCount" : 481983,
    "errorPct" : 76.33947,
    "meanResTime" : 300.55902896566323,
    "medianResTime" : 88.0,
    "minResTime" : 0.0,
    "maxResTime" : 71410.0,
    "pct1ResTime" : 301.0,
    "pct2ResTime" : 320.0,
    "pct3ResTime" : 354.0,
    "throughput" : 655.0602179632965,
    "receivedKBytesPerSec" : 1320.8046993261662,
    "sentKBytesPerSec" : 34.96372321466552
  },
  "Get a hero" : {
    "transaction" : "Get a hero",
    "sampleCount" : 633250,
    "errorCount" : 483571,
    "errorPct" : 76.363365,
    "meanResTime" : 288.63462139753364,
    "medianResTime" : 86.0,
    "minResTime" : 0.0,
    "maxResTime" : 78223.0,
    "pct1ResTime" : 300.0,
    "pct2ResTime" : 320.0,
    "pct3ResTime" : 348.0,
    "throughput" : 656.9221911583927,
    "receivedKBytesPerSec" : 1318.602887269312,
    "sentKBytesPerSec" : 19.864193923340057
  },
  "Change hero" : {
    "transaction" : "Change hero",
    "sampleCount" : 629344,
    "errorCount" : 479098,
    "errorPct" : 76.12657,
    "meanResTime" : 270.4567803935624,
    "medianResTime" : 84.0,
    "minResTime" : 0.0,
    "maxResTime" : 68319.0,
    "pct1ResTime" : 298.0,
    "pct2ResTime" : 320.0,
    "pct3ResTime" : 357.0,
    "throughput" : 653.0354739597872,
    "receivedKBytesPerSec" : 1299.3789461304154,
    "sentKBytesPerSec" : 35.473787521881334
  },
  "Delete the hero" : {
    "transaction" : "Delete the hero",
    "sampleCount" : 627479,
    "errorCount" : 476245,
    "errorPct" : 75.898155,
    "meanResTime" : 267.0319006691902,
    "medianResTime" : 82.0,
    "minResTime" : 0.0,
    "maxResTime" : 71566.0,
    "pct1ResTime" : 294.0,
    "pct2ResTime" : 319.0,
    "pct3ResTime" : 352.0,
    "throughput" : 651.1678346569864,
    "receivedKBytesPerSec" : 1307.9914897898784,
    "sentKBytesPerSec" : 32.79872789068524
  },
  "Total" : {
    "transaction" : "Total",
    "sampleCount" : 3157017,
    "errorCount" : 2404993,
    "errorPct" : 76.17928,
    "meanResTime" : 302.66625551905395,
    "medianResTime" : 41.0,
    "minResTime" : 0.0,
    "maxResTime" : 78223.0,
    "pct1ResTime" : 75.0,
    "pct2ResTime" : 83.0,
    "pct3ResTime" : 89.0,
    "throughput" : 3274.1497057222123,
    "receivedKBytesPerSec" : 6614.023637020664,
    "sentKBytesPerSec" : 142.3724343870725
  },
  "Get all heroes" : {
    "transaction" : "Get all heroes",
    "sampleCount" : 635576,
    "errorCount" : 484096,
    "errorPct" : 76.166504,
    "meanResTime" : 385.8138523166377,
    "medianResTime" : 89.0,
    "minResTime" : 0.0,
    "maxResTime" : 78223.0,
    "pct1ResTime" : 303.0,
    "pct2ResTime" : 321.0,
    "pct3ResTime" : 353.9900000000016,
    "throughput" : 659.1580379662817,
    "receivedKBytesPerSec" : 1369.639450472284,
    "sentKBytesPerSec" : 19.330716332511948
  }
}