{
  "Create a hero" : {
    "transaction" : "Create a hero",
    "sampleCount" : 156143,
    "errorCount" : 117533,
    "errorPct" : 75.27267,
    "meanResTime" : 275.9366862427343,
    "medianResTime" : 70.0,
    "minResTime" : 0.0,
    "maxResTime" : 17795.0,
    "pct1ResTime" : 425.0,
    "pct2ResTime" : 451.0,
    "pct3ResTime" : 2661.400000000096,
    "throughput" : 667.3633371799804,
    "receivedKBytesPerSec" : 1328.556883795198,
    "sentKBytesPerSec" : 37.226452309590975
  },
  "Get a hero" : {
    "transaction" : "Get a hero",
    "sampleCount" : 157155,
    "errorCount" : 118444,
    "errorPct" : 75.36763,
    "meanResTime" : 271.4219337596551,
    "medianResTime" : 71.0,
    "minResTime" : 0.0,
    "maxResTime" : 17668.0,
    "pct1ResTime" : 424.90000000000146,
    "pct2ResTime" : 452.0,
    "pct3ResTime" : 2414.950000000008,
    "throughput" : 671.0634191333459,
    "receivedKBytesPerSec" : 1330.4726898101098,
    "sentKBytesPerSec" : 21.146626354947735
  },
  "Change hero" : {
    "transaction" : "Change hero",
    "sampleCount" : 155179,
    "errorCount" : 116645,
    "errorPct" : 75.16803,
    "meanResTime" : 269.16957191372853,
    "medianResTime" : 60.0,
    "minResTime" : 0.0,
    "maxResTime" : 17794.0,
    "pct1ResTime" : 411.90000000000146,
    "pct2ResTime" : 447.0,
    "pct3ResTime" : 2381.9900000000016,
    "throughput" : 663.4444781722025,
    "receivedKBytesPerSec" : 1304.6514309127551,
    "sentKBytesPerSec" : 37.486223687895205
  },
  "Delete the hero" : {
    "transaction" : "Delete the hero",
    "sampleCount" : 154186,
    "errorCount" : 115714,
    "errorPct" : 75.04832,
    "meanResTime" : 268.43568806505675,
    "medianResTime" : 55.0,
    "minResTime" : 0.0,
    "maxResTime" : 17794.0,
    "pct1ResTime" : 328.0,
    "pct2ResTime" : 447.0,
    "pct3ResTime" : 2227.980000000003,
    "throughput" : 659.2075110305435,
    "receivedKBytesPerSec" : 1311.1089821304126,
    "sentKBytesPerSec" : 34.374452213804425
  },
  "Total" : {
    "transaction" : "Total",
    "sampleCount" : 780861,
    "errorCount" : 587696,
    "errorPct" : 75.262566,
    "meanResTime" : 275.72231165342987,
    "medianResTime" : 33.0,
    "minResTime" : 0.0,
    "maxResTime" : 17796.0,
    "pct1ResTime" : 67.0,
    "pct2ResTime" : 74.0,
    "pct3ResTime" : 85.0,
    "throughput" : 3329.457513079294,
    "receivedKBytesPerSec" : 6882.601861034628,
    "sentKBytesPerSec" : 150.29608375998268
  },
  "Get all heroes" : {
    "transaction" : "Get all heroes",
    "sampleCount" : 158198,
    "errorCount" : 119360,
    "errorPct" : 75.44975,
    "meanResTime" : 293.3122669060279,
    "medianResTime" : 81.0,
    "minResTime" : 0.0,
    "maxResTime" : 17796.0,
    "pct1ResTime" : 432.0,
    "pct2ResTime" : 460.0,
    "pct3ResTime" : 3687.920000000013,
    "throughput" : 674.5291667199646,
    "receivedKBytesPerSec" : 1620.001164724759,
    "sentKBytesPerSec" : 20.376387476495644
  }
}