{
  "Create a hero" : {
    "transaction" : "Create a hero",
    "sampleCount" : 18905,
    "errorCount" : 14861,
    "errorPct" : 78.60883,
    "meanResTime" : 266.087542978049,
    "medianResTime" : 1.0,
    "minResTime" : 0.0,
    "maxResTime" : 17570.0,
    "pct1ResTime" : 888.4000000000015,
    "pct2ResTime" : 1604.0,
    "pct3ResTime" : 3621.9399999999987,
    "throughput" : 611.9905474086304,
    "receivedKBytesPerSec" : 1266.0958781987472,
    "sentKBytesPerSec" : 29.531887321549966
  },
  "Get a hero" : {
    "transaction" : "Get a hero",
    "sampleCount" : 19131,
    "errorCount" : 14957,
    "errorPct" : 78.18201,
    "meanResTime" : 245.00188176258297,
    "medianResTime" : 1.0,
    "minResTime" : 0.0,
    "maxResTime" : 17571.0,
    "pct1ResTime" : 832.0,
    "pct2ResTime" : 1540.0,
    "pct3ResTime" : 3373.0400000000154,
    "throughput" : 617.6670002905756,
    "receivedKBytesPerSec" : 1266.0117720978756,
    "sentKBytesPerSec" : 17.24012900348691
  },
  "Change hero" : {
    "transaction" : "Change hero",
    "sampleCount" : 18703,
    "errorCount" : 14775,
    "errorPct" : 78.998024,
    "meanResTime" : 242.0776880714322,
    "medianResTime" : 1.0,
    "minResTime" : 0.0,
    "maxResTime" : 17572.0,
    "pct1ResTime" : 808.0,
    "pct2ResTime" : 1511.0,
    "pct3ResTime" : 3594.959999999999,
    "throughput" : 605.9025528054943,
    "receivedKBytesPerSec" : 1247.8343078289006,
    "sentKBytesPerSec" : 28.954692156926267
  },
  "Delete the hero" : {
    "transaction" : "Delete the hero",
    "sampleCount" : 18548,
    "errorCount" : 14692,
    "errorPct" : 79.21069,
    "meanResTime" : 244.58313564804777,
    "medianResTime" : 1.0,
    "minResTime" : 0.0,
    "maxResTime" : 17569.0,
    "pct1ResTime" : 834.0,
    "pct2ResTime" : 1550.5499999999993,
    "pct3ResTime" : 3370.119999999981,
    "throughput" : 603.2850870060172,
    "receivedKBytesPerSec" : 1258.2964455602537,
    "sentKBytesPerSec" : 26.21056269312083
  },
  "Total" : {
    "transaction" : "Total",
    "sampleCount" : 94656,
    "errorCount" : 74320,
    "errorPct" : 78.51589,
    "meanResTime" : 269.7748161764695,
    "medianResTime" : 1.0,
    "minResTime" : 0.0,
    "maxResTime" : 17572.0,
    "pct1ResTime" : 936.0,
    "pct2ResTime" : 3217.0,
    "pct3ResTime" : 9578.990000000002,
    "throughput" : 3038.033186763809,
    "receivedKBytesPerSec" : 6429.149398610264,
    "sentKBytesPerSec" : 118.08423117196777
  },
  "Get all heroes" : {
    "transaction" : "Get all heroes",
    "sampleCount" : 19369,
    "errorCount" : 15035,
    "errorPct" : 77.62404,
    "meanResTime" : 348.7109298363383,
    "medianResTime" : 1.0,
    "minResTime" : 0.0,
    "maxResTime" : 17570.0,
    "pct1ResTime" : 1130.0,
    "pct2ResTime" : 2011.0,
    "pct3ResTime" : 4809.299999999999,
    "throughput" : 621.6580543698046,
    "receivedKBytesPerSec" : 1437.4100134500272,
    "sentKBytesPerSec" : 17.11606240170748
  }
}