{
  "Create a hero" : {
    "transaction" : "Create a hero",
    "sampleCount" : 20000,
    "errorCount" : 14438,
    "errorPct" : 72.19,
    "meanResTime" : 536.0322999999984,
    "medianResTime" : 2.0,
    "minResTime" : 0.0,
    "maxResTime" : 20059.0,
    "pct1ResTime" : 2367.0,
    "pct2ResTime" : 2981.0,
    "pct3ResTime" : 3558.0,
    "throughput" : 494.75559073817533,
    "receivedKBytesPerSec" : 949.2524987089971,
    "sentKBytesPerSec" : 31.038714238447458
  },
  "Get a hero" : {
    "transaction" : "Get a hero",
    "sampleCount" : 20000,
    "errorCount" : 14550,
    "errorPct" : 72.75,
    "meanResTime" : 521.6256999999986,
    "medianResTime" : 1.0,
    "minResTime" : 0.0,
    "maxResTime" : 20155.0,
    "pct1ResTime" : 2292.0,
    "pct2ResTime" : 2936.0,
    "pct3ResTime" : 3632.9900000000016,
    "throughput" : 493.23041258724015,
    "receivedKBytesPerSec" : 947.6272871633703,
    "sentKBytesPerSec" : 17.194426419270513
  },
  "Change hero" : {
    "transaction" : "Change hero",
    "sampleCount" : 20000,
    "errorCount" : 14182,
    "errorPct" : 70.91,
    "meanResTime" : 525.1274500000012,
    "medianResTime" : 2.0,
    "minResTime" : 0.0,
    "maxResTime" : 21277.0,
    "pct1ResTime" : 2293.9000000000015,
    "pct2ResTime" : 2995.9000000000015,
    "pct3ResTime" : 3582.9900000000016,
    "throughput" : 501.4919385170883,
    "receivedKBytesPerSec" : 934.3336465046012,
    "sentKBytesPerSec" : 33.19430971201825
  },
  "Delete the hero" : {
    "transaction" : "Delete the hero",
    "sampleCount" : 20000,
    "errorCount" : 13907,
    "errorPct" : 69.535,
    "meanResTime" : 576.4057999999993,
    "medianResTime" : 2.0,
    "minResTime" : 0.0,
    "maxResTime" : 21277.0,
    "pct1ResTime" : 2289.0,
    "pct2ResTime" : 3034.9500000000007,
    "pct3ResTime" : 3598.9900000000016,
    "throughput" : 504.9739938393173,
    "receivedKBytesPerSec" : 939.5887874469777,
    "sentKBytesPerSec" : 32.150224634525074
  },
  "Total" : {
    "transaction" : "Total",
    "sampleCount" : 100000,
    "errorCount" : 71622,
    "errorPct" : 71.622,
    "meanResTime" : 586.8665399999998,
    "medianResTime" : 558.0,
    "minResTime" : 0.0,
    "maxResTime" : 21277.0,
    "pct1ResTime" : 2048.0,
    "pct2ResTime" : 3316.0,
    "pct3ResTime" : 10370.0,
    "throughput" : 2407.492115463322,
    "receivedKBytesPerSec" : 4628.909870642439,
    "sentKBytesPerSec" : 125.67856481871584
  },
  "Get all heroes" : {
    "transaction" : "Get all heroes",
    "sampleCount" : 20000,
    "errorCount" : 14545,
    "errorPct" : 72.725,
    "meanResTime" : 775.1414500000016,
    "medianResTime" : 2.0,
    "minResTime" : 0.0,
    "maxResTime" : 21177.0,
    "pct1ResTime" : 2837.600000000035,
    "pct2ResTime" : 3611.0,
    "pct3ResTime" : 5539.0,
    "throughput" : 481.8464355409931,
    "receivedKBytesPerSec" : 987.7272207097599,
    "sentKBytesPerSec" : 16.17126516310502
  }
}