{
  "Create a hero" : {
    "transaction" : "Create a hero",
    "sampleCount" : 100,
    "errorCount" : 0,
    "errorPct" : 0.0,
    "meanResTime" : 4.309999999999999,
    "medianResTime" : 2.0,
    "minResTime" : 0.0,
    "maxResTime" : 18.0,
    "pct1ResTime" : 12.0,
    "pct2ResTime" : 14.949999999999989,
    "pct3ResTime" : 17.97999999999999,
    "throughput" : 138.69625520110955,
    "receivedKBytesPerSec" : 31.829707004160888,
    "sentKBytesPerSec" : 31.287924757281555
  },
  "Get a hero" : {
    "transaction" : "Get a hero",
    "sampleCount" : 100,
    "errorCount" : 0,
    "errorPct" : 0.0,
    "meanResTime" : 3.100000000000001,
    "medianResTime" : 1.0,
    "minResTime" : 0.0,
    "maxResTime" : 20.0,
    "pct1ResTime" : 7.0,
    "pct2ResTime" : 10.0,
    "pct3ResTime" : 19.949999999999974,
    "throughput" : 138.12154696132598,
    "receivedKBytesPerSec" : 25.89779005524862,
    "sentKBytesPerSec" : 17.669846339779006
  },
  "Change hero" : {
    "transaction" : "Change hero",
    "sampleCount" : 100,
    "errorCount" : 0,
    "errorPct" : 0.0,
    "meanResTime" : 4.5600000000000005,
    "medianResTime" : 1.5,
    "minResTime" : 0.0,
    "maxResTime" : 15.0,
    "pct1ResTime" : 14.0,
    "pct2ResTime" : 14.0,
    "pct3ResTime" : 15.0,
    "throughput" : 140.4494382022472,
    "receivedKBytesPerSec" : 19.887859901685395,
    "sentKBytesPerSec" : 31.95773349719101
  },
  "Delete the hero" : {
    "transaction" : "Delete the hero",
    "sampleCount" : 100,
    "errorCount" : 0,
    "errorPct" : 0.0,
    "meanResTime" : 6.139999999999999,
    "medianResTime" : 2.0,
    "minResTime" : 0.0,
    "maxResTime" : 25.0,
    "pct1ResTime" : 20.700000000000017,
    "pct2ResTime" : 22.0,
    "pct3ResTime" : 24.989999999999995,
    "throughput" : 142.04545454545456,
    "receivedKBytesPerSec" : 34.54034978693182,
    "sentKBytesPerSec" : 29.68528053977273
  },
  "Total" : {
    "transaction" : "Total",
    "sampleCount" : 500,
    "errorCount" : 0,
    "errorPct" : 0.0,
    "meanResTime" : 7.146,
    "medianResTime" : 2.0,
    "minResTime" : 0.0,
    "maxResTime" : 62.0,
    "pct1ResTime" : 16.0,
    "pct2ResTime" : 31.849999999999966,
    "pct3ResTime" : 62.0,
    "throughput" : 629.7229219143576,
    "receivedKBytesPerSec" : 131.25418175377834,
    "sentKBytesPerSec" : 114.99822890428212
  },
  "Get all heroes" : {
    "transaction" : "Get all heroes",
    "sampleCount" : 100,
    "errorCount" : 0,
    "errorPct" : 0.0,
    "meanResTime" : 17.619999999999997,
    "medianResTime" : 3.0,
    "minResTime" : 1.0,
    "maxResTime" : 62.0,
    "pct1ResTime" : 61.0,
    "pct2ResTime" : 62.0,
    "pct3ResTime" : 62.0,
    "throughput" : 126.90355329949237,
    "receivedKBytesPerSec" : 30.507663784898476,
    "sentKBytesPerSec" : 15.615085659898476
  }
}